amfi_code,tracking_error
120505,0.2319675096004632
119094,0.23765197701108368
100033,0.22869942052083106
148567,0.1896636779215802
120843,0.20642496841144062
